Param;Value
Dropout1;0.03809361028534488
Dropout2;0.24163239192225205
Dropout3;0.1935669897915816
Nodes1;56
Nodes2;22
Nodes3;12
Reg1;0.0849428302974716
Reg2;0.01525580070444086
Reg3;0.07293256322496591
batch_size;28
loss_fn;<function custom_loss1 at 0x7f1e2c6678c0>
lr;0.013673156865911796
momentum;0.19916237026072647
nesterov;False
window_size;150
